False Positive Rate,False Negative Rate,True Positive Rate (Sensitivity),True Negative Rate (Specificity)
0.4722222222222222,0.07911527009783072,0.9208847299021693,0.5277777777777778
